{"_runtime":15721.914993957,"train_steps_per_second":0.077,"train/global_step":1215,"total_flos":5.80374609098965e+17,"_wandb":{"runtime":16027},"train_samples_per_second":9.876,"_step":1215,"train_loss":0.6154472136203154,"_timestamp":1.7546967244139917e+09,"train/grad_norm":2.255086660385132,"train_runtime":15722.8901,"train/learning_rate":3.556140501514982e-11,"train/epoch":3,"train/loss":0.3062}