{"train/global_step":1215,"train/learning_rate":3.556140501514982e-11,"total_flos":5.80374609098965e+17,"train_loss":0.6469688789098842,"train/loss":0.3356,"train/grad_norm":2.287883996963501,"train/epoch":3,"train_samples_per_second":9.897,"train_steps_per_second":0.077,"_timestamp":1.754427967936617e+09,"train_runtime":15688.969,"_runtime":15686.158125393,"_step":1215,"_wandb":{"runtime":16043}}