{"train/epoch":3,"train/global_step":1215,"_runtime":14277.749150625,"train/loss":0.1967,"train_runtime":14278.7901,"train/learning_rate":3.556140501514982e-11,"train_loss":0.5795051370260647,"_step":1215,"train_steps_per_second":0.085,"train/grad_norm":2.5161149501800537,"train_samples_per_second":10.875,"_timestamp":1.7545124686601138e+09,"total_flos":5.570001912285102e+17,"_wandb":{"runtime":14619}}