{
    "naive": 0.11538461538461539,
    "ignore": 0.2932692307692308,
    "escape_deletion": 0.03365384615384615,
    "escape_separation": 0.0625,
    "completion_other": 0.1875,
    "completion_othercmb": 0.5144230769230769,
    "completion_real": 0.4230769230769231,
    "completion_realcmb": 0.6778846153846154,
    "completion_close_2hash": 0.40384615384615385,
    "completion_close_1hash": 0.4182692307692308,
    "completion_close_0hash": 0.0673076923076923,
    "completion_close_upper": 0.02403846153846154,
    "completion_close_title": 0.28365384615384615,
    "completion_close_nospace": 0.07211538461538461,
    "completion_close_nocolon": 0.27403846153846156,
    "completion_close_typo": 0.08173076923076923,
    "completion_close_similar": 0.30288461538461536,
    "hackaprompt": 0.1
}