{"train_loss":0.6171752077561837,"_step":1215,"train/loss":0.3057,"train_runtime":15723.2599,"train/epoch":3,"train/global_step":1215,"train/learning_rate":3.556140501514982e-11,"_runtime":15722.20819294,"train/grad_norm":2.266524314880371,"train_steps_per_second":0.077,"_timestamp":1.7546805762203956e+09,"_wandb":{"runtime":16015},"train_samples_per_second":9.876,"total_flos":5.966583116301599e+17}