{"train_steps_per_second":0.08,"train/global_step":1215,"_runtime":15262.126065796,"train/grad_norm":2.278970718383789,"train_samples_per_second":10.173,"_timestamp":1.7543349973670628e+09,"_step":1215,"train_loss":0.6483986465283382,"total_flos":5.964647171033661e+17,"train/epoch":3,"train/learning_rate":3.556140501514982e-11,"_wandb":{"runtime":15746},"train/loss":0.3416,"train_runtime":15263.3702}