{"_wandb":{"runtime":14612},"_runtime":14248.245725397,"train/grad_norm":2.4969754219055176,"train_loss":0.5777416183134165,"train/loss":0.1983,"_timestamp":1.754527173153376e+09,"train_steps_per_second":0.085,"train_samples_per_second":10.897,"_step":1215,"train/learning_rate":3.556140501514982e-11,"train/epoch":3,"train/global_step":1215,"train_runtime":14249.1975,"total_flos":5.421751140666573e+17}